<State>

<Company Id="100">
	<Name>Impelsys</Name>
	<PhoneNumber>1234567891</PhoneNumber>
	<EmailAddress>Impelsys@gmail.com</EmailAddress>
	<Address>
		<StreetLine>HAL MAIN ROAD</StreetLine>
		<City>BANGALORE</City>
		<State>KARNATAKA</State>
		<PostalCode>577035</PostalCode>
	</Address>
</Company>

<Company Id="101">
	<Name>Impelsys india pvt ltd..</Name>
	<PhoneNumber>0123456789</PhoneNumber>
	<EmailAddress>imp@example.com</EmailAddress>
	<Address>
		<StreetLine>HAL Main Road Dommaluru</StreetLine>
		<City>Bangalore</City>
		<State>karnataka</State>
		<PostalCode>577035</PostalCode>
	</Address>
</Company>
<Company Id="101">
	<Name>Bench Mark Education Society</Name>
	<PhoneNumber>9966996699</PhoneNumber>
	<EmailAddress>bench@gmail.com</EmailAddress>
	<Address>
		<StreetLine>NYC</StreetLine>
		<City>-------</City>
		<State>-----</State>
		<PostalCode>-------</PostalCode>
	</Address>
</Company>

</State>
